DATE,level_1,0
1954-01-01,IPB53122S,0.0007
1954-02-01,IPB53122S,0.0007
1954-03-01,IPB53122S,0.0007
1954-04-01,IPB53122S,0.0007
1954-05-01,IPB53122S,0.0007
1954-06-01,IPB53122S,0.0007
1954-07-01,IPB53122S,0.0008
1954-08-01,IPB53122S,0.0008
1954-09-01,IPB53122S,0.0008
1954-10-01,IPB53122S,0.0008
1954-11-01,IPB53122S,0.0008
1954-12-01,IPB53122S,0.0008
1955-01-01,IPB53122S,0.0008
1955-02-01,IPB53122S,0.0008
1955-03-01,IPB53122S,0.0008
1955-04-01,IPB53122S,0.0008
1955-05-01,IPB53122S,0.0008
1955-06-01,IPB53122S,0.0008
1955-07-01,IPB53122S,0.0008
1955-08-01,IPB53122S,0.0008
1955-09-01,IPB53122S,0.0008
1955-10-01,IPB53122S,0.0009
1955-11-01,IPB53122S,0.0009
1955-12-01,IPB53122S,0.0009
1956-01-01,IPB53122S,0.0009
1956-02-01,IPB53122S,0.0009
1956-03-01,IPB53122S,0.001
1956-04-01,IPB53122S,0.001
1956-05-01,IPB53122S,0.001
1956-06-01,IPB53122S,0.001
1956-07-01,IPB53122S,0.001
1956-08-01,IPB53122S,0.001
1956-09-01,IPB53122S,0.001
1956-10-01,IPB53122S,0.0011
1956-11-01,IPB53122S,0.0011
1956-12-01,IPB53122S,0.0011
1957-01-01,IPB53122S,0.0011
1957-02-01,IPB53122S,0.0011
1957-03-01,IPB53122S,0.0011
1957-04-01,IPB53122S,0.0011
1957-05-01,IPB53122S,0.0012
1957-06-01,IPB53122S,0.0012
1957-07-01,IPB53122S,0.0012
1957-08-01,IPB53122S,0.0013
1957-09-01,IPB53122S,0.0013
1957-10-01,IPB53122S,0.0012
1957-11-01,IPB53122S,0.0011
1957-12-01,IPB53122S,0.0011
1958-01-01,IPB53122S,0.0011
1958-02-01,IPB53122S,0.001
1958-03-01,IPB53122S,0.001
1958-04-01,IPB53122S,0.001
1958-05-01,IPB53122S,0.001
1958-06-01,IPB53122S,0.0011
1958-07-01,IPB53122S,0.0011
1958-08-01,IPB53122S,0.0011
1958-09-01,IPB53122S,0.0012
1958-10-01,IPB53122S,0.0012
1958-11-01,IPB53122S,0.0013
1958-12-01,IPB53122S,0.0013
1959-01-01,IPB53122S,0.0014
1959-02-01,IPB53122S,0.0014
1959-03-01,IPB53122S,0.0015
1959-04-01,IPB53122S,0.0015
1959-05-01,IPB53122S,0.0016
1959-06-01,IPB53122S,0.0016
1959-07-01,IPB53122S,0.0016
1959-08-01,IPB53122S,0.0017
1959-09-01,IPB53122S,0.0017
1959-10-01,IPB53122S,0.0017
1959-11-01,IPB53122S,0.0018
1959-12-01,IPB53122S,0.0018
1960-01-01,IPB53122S,0.0019
1960-02-01,IPB53122S,0.0019
1960-03-01,IPB53122S,0.0019
1960-04-01,IPB53122S,0.0018
1960-05-01,IPB53122S,0.0018
1960-06-01,IPB53122S,0.0018
1960-07-01,IPB53122S,0.0018
1960-08-01,IPB53122S,0.0018
1960-09-01,IPB53122S,0.0018
1960-10-01,IPB53122S,0.0018
1960-11-01,IPB53122S,0.0018
1960-12-01,IPB53122S,0.0017
1961-01-01,IPB53122S,0.0018
1961-02-01,IPB53122S,0.0018
1961-03-01,IPB53122S,0.0018
1961-04-01,IPB53122S,0.0019
1961-05-01,IPB53122S,0.0019
1961-06-01,IPB53122S,0.0018
1961-07-01,IPB53122S,0.0018
1961-08-01,IPB53122S,0.0019
1961-09-01,IPB53122S,0.0019
1961-10-01,IPB53122S,0.002
1961-11-01,IPB53122S,0.0021
1961-12-01,IPB53122S,0.0022
1962-01-01,IPB53122S,0.0023
1962-02-01,IPB53122S,0.0022
1962-03-01,IPB53122S,0.0023
1962-04-01,IPB53122S,0.0024
1962-05-01,IPB53122S,0.0024
1962-06-01,IPB53122S,0.0025
1962-07-01,IPB53122S,0.0026
1962-08-01,IPB53122S,0.0024
1962-09-01,IPB53122S,0.0024
1962-10-01,IPB53122S,0.0023
1962-11-01,IPB53122S,0.0023
1962-12-01,IPB53122S,0.0023
1963-01-01,IPB53122S,0.002
1963-02-01,IPB53122S,0.0024
1963-03-01,IPB53122S,0.0025
1963-04-01,IPB53122S,0.0025
1963-05-01,IPB53122S,0.0024
1963-06-01,IPB53122S,0.0026
1963-07-01,IPB53122S,0.0028
1963-08-01,IPB53122S,0.0028
1963-09-01,IPB53122S,0.0032
1963-10-01,IPB53122S,0.003
1963-11-01,IPB53122S,0.003
1963-12-01,IPB53122S,0.003
1964-01-01,IPB53122S,0.0029
1964-02-01,IPB53122S,0.0032
1964-03-01,IPB53122S,0.0031
1964-04-01,IPB53122S,0.003
1964-05-01,IPB53122S,0.0032
1964-06-01,IPB53122S,0.0032
1964-07-01,IPB53122S,0.0029
1964-08-01,IPB53122S,0.0034
1964-09-01,IPB53122S,0.0034
1964-10-01,IPB53122S,0.0036
1964-11-01,IPB53122S,0.0039
1964-12-01,IPB53122S,0.0039
1965-01-01,IPB53122S,0.0042
1965-02-01,IPB53122S,0.0042
1965-03-01,IPB53122S,0.0042
1965-04-01,IPB53122S,0.0045
1965-05-01,IPB53122S,0.0049
1965-06-01,IPB53122S,0.005
1965-07-01,IPB53122S,0.0053
1965-08-01,IPB53122S,0.0056
1965-09-01,IPB53122S,0.0059
1965-10-01,IPB53122S,0.0062
1965-11-01,IPB53122S,0.006
1965-12-01,IPB53122S,0.0062
1966-01-01,IPB53122S,0.0066
1966-02-01,IPB53122S,0.0065
1966-03-01,IPB53122S,0.0069
1966-04-01,IPB53122S,0.0073
1966-05-01,IPB53122S,0.0073
1966-06-01,IPB53122S,0.0074
1966-07-01,IPB53122S,0.0074
1966-08-01,IPB53122S,0.0071
1966-09-01,IPB53122S,0.0078
1966-10-01,IPB53122S,0.0081
1966-11-01,IPB53122S,0.0074
1966-12-01,IPB53122S,0.0081
1967-01-01,IPB53122S,0.0077
1967-02-01,IPB53122S,0.0074
1967-03-01,IPB53122S,0.0072
1967-04-01,IPB53122S,0.0069
1967-05-01,IPB53122S,0.0067
1967-06-01,IPB53122S,0.0066
1967-07-01,IPB53122S,0.0068
1967-08-01,IPB53122S,0.0069
1967-09-01,IPB53122S,0.0069
1967-10-01,IPB53122S,0.007
1967-11-01,IPB53122S,0.0072
1967-12-01,IPB53122S,0.0073
1968-01-01,IPB53122S,0.0073
1968-02-01,IPB53122S,0.0074
1968-03-01,IPB53122S,0.0073
1968-04-01,IPB53122S,0.0071
1968-05-01,IPB53122S,0.0073
1968-06-01,IPB53122S,0.0073
1968-07-01,IPB53122S,0.0074
1968-08-01,IPB53122S,0.0075
1968-09-01,IPB53122S,0.0077
1968-10-01,IPB53122S,0.0077
1968-11-01,IPB53122S,0.0079
1968-12-01,IPB53122S,0.008
1969-01-01,IPB53122S,0.0082
1969-02-01,IPB53122S,0.0083
1969-03-01,IPB53122S,0.0086
1969-04-01,IPB53122S,0.0088
1969-05-01,IPB53122S,0.0091
1969-06-01,IPB53122S,0.0094
1969-07-01,IPB53122S,0.0096
1969-08-01,IPB53122S,0.0098
1969-09-01,IPB53122S,0.0099
1969-10-01,IPB53122S,0.0102
1969-11-01,IPB53122S,0.0102
1969-12-01,IPB53122S,0.0103
1970-01-01,IPB53122S,0.0102
1970-02-01,IPB53122S,0.0101
1970-03-01,IPB53122S,0.01
1970-04-01,IPB53122S,0.01
1970-05-01,IPB53122S,0.0098
1970-06-01,IPB53122S,0.0095
1970-07-01,IPB53122S,0.0097
1970-08-01,IPB53122S,0.0094
1970-09-01,IPB53122S,0.0092
1970-10-01,IPB53122S,0.009
1970-11-01,IPB53122S,0.0088
1970-12-01,IPB53122S,0.0088
1971-01-01,IPB53122S,0.009
1971-02-01,IPB53122S,0.0091
1971-03-01,IPB53122S,0.0094
1971-04-01,IPB53122S,0.0097
1971-05-01,IPB53122S,0.01
1971-06-01,IPB53122S,0.0103
1971-07-01,IPB53122S,0.0106
1971-08-01,IPB53122S,0.0108
1971-09-01,IPB53122S,0.011
1971-10-01,IPB53122S,0.0111
1971-11-01,IPB53122S,0.0113
1971-12-01,IPB53122S,0.0116
1972-01-01,IPB53122S,0.0123
1972-02-01,IPB53122S,0.0123
1972-03-01,IPB53122S,0.0124
1972-04-01,IPB53122S,0.0124
1972-05-01,IPB53122S,0.0125
1972-06-01,IPB53122S,0.0124
1972-07-01,IPB53122S,0.0125
1972-08-01,IPB53122S,0.0129
1972-09-01,IPB53122S,0.0133
1972-10-01,IPB53122S,0.0139
1972-11-01,IPB53122S,0.0143
1972-12-01,IPB53122S,0.0146
1973-01-01,IPB53122S,0.0151
1973-02-01,IPB53122S,0.0157
1973-03-01,IPB53122S,0.0161
1973-04-01,IPB53122S,0.0165
1973-05-01,IPB53122S,0.0166
1973-06-01,IPB53122S,0.0174
1973-07-01,IPB53122S,0.0175
1973-08-01,IPB53122S,0.0181
1973-09-01,IPB53122S,0.0181
1973-10-01,IPB53122S,0.0186
1973-11-01,IPB53122S,0.0192
1973-12-01,IPB53122S,0.0191
1974-01-01,IPB53122S,0.0196
1974-02-01,IPB53122S,0.0198
1974-03-01,IPB53122S,0.0199
1974-04-01,IPB53122S,0.0196
1974-05-01,IPB53122S,0.0194
1974-06-01,IPB53122S,0.0193
1974-07-01,IPB53122S,0.0189
1974-08-01,IPB53122S,0.0181
1974-09-01,IPB53122S,0.018
1974-10-01,IPB53122S,0.0171
1974-11-01,IPB53122S,0.0158
1974-12-01,IPB53122S,0.0152
1975-01-01,IPB53122S,0.0148
1975-02-01,IPB53122S,0.0135
1975-03-01,IPB53122S,0.0133
1975-04-01,IPB53122S,0.0131
1975-05-01,IPB53122S,0.0131
1975-06-01,IPB53122S,0.0131
1975-07-01,IPB53122S,0.0135
1975-08-01,IPB53122S,0.0139
1975-09-01,IPB53122S,0.0143
1975-10-01,IPB53122S,0.0148
1975-11-01,IPB53122S,0.0151
1975-12-01,IPB53122S,0.0158
1976-01-01,IPB53122S,0.0159
1976-02-01,IPB53122S,0.0159
1976-03-01,IPB53122S,0.0162
1976-04-01,IPB53122S,0.0167
1976-05-01,IPB53122S,0.0174
1976-06-01,IPB53122S,0.0177
1976-07-01,IPB53122S,0.0182
1976-08-01,IPB53122S,0.0189
1976-09-01,IPB53122S,0.0196
1976-10-01,IPB53122S,0.0198
1976-11-01,IPB53122S,0.0202
1976-12-01,IPB53122S,0.0203
1977-01-01,IPB53122S,0.0202
1977-02-01,IPB53122S,0.0212
1977-03-01,IPB53122S,0.0213
1977-04-01,IPB53122S,0.0217
1977-05-01,IPB53122S,0.022
1977-06-01,IPB53122S,0.0229
1977-07-01,IPB53122S,0.0225
1977-08-01,IPB53122S,0.0237
1977-09-01,IPB53122S,0.0242
1977-10-01,IPB53122S,0.0243
1977-11-01,IPB53122S,0.0247
1977-12-01,IPB53122S,0.0248
1978-01-01,IPB53122S,0.0246
1978-02-01,IPB53122S,0.0249
1978-03-01,IPB53122S,0.0262
1978-04-01,IPB53122S,0.0263
1978-05-01,IPB53122S,0.0268
1978-06-01,IPB53122S,0.0275
1978-07-01,IPB53122S,0.0279
1978-08-01,IPB53122S,0.0286
1978-09-01,IPB53122S,0.0289
1978-10-01,IPB53122S,0.0297
1978-11-01,IPB53122S,0.0308
1978-12-01,IPB53122S,0.0312
1979-01-01,IPB53122S,0.0321
1979-02-01,IPB53122S,0.0328
1979-03-01,IPB53122S,0.0332
1979-04-01,IPB53122S,0.0326
1979-05-01,IPB53122S,0.0336
1979-06-01,IPB53122S,0.0348
1979-07-01,IPB53122S,0.0343
1979-08-01,IPB53122S,0.0353
1979-09-01,IPB53122S,0.0361
1979-10-01,IPB53122S,0.0372
1979-11-01,IPB53122S,0.0385
1979-12-01,IPB53122S,0.0395
1980-01-01,IPB53122S,0.0404
1980-02-01,IPB53122S,0.0409
1980-03-01,IPB53122S,0.0409
1980-04-01,IPB53122S,0.0418
1980-05-01,IPB53122S,0.0408
1980-06-01,IPB53122S,0.0397
1980-07-01,IPB53122S,0.0388
1980-08-01,IPB53122S,0.0396
1980-09-01,IPB53122S,0.0397
1980-10-01,IPB53122S,0.0402
1980-11-01,IPB53122S,0.0407
1980-12-01,IPB53122S,0.0419
1981-01-01,IPB53122S,0.0425
1981-02-01,IPB53122S,0.0427
1981-03-01,IPB53122S,0.043
1981-04-01,IPB53122S,0.0442
1981-05-01,IPB53122S,0.045
1981-06-01,IPB53122S,0.0454
1981-07-01,IPB53122S,0.0445
1981-08-01,IPB53122S,0.047
1981-09-01,IPB53122S,0.0484
1981-10-01,IPB53122S,0.0495
1981-11-01,IPB53122S,0.0495
1981-12-01,IPB53122S,0.05
1982-01-01,IPB53122S,0.0495
1982-02-01,IPB53122S,0.0517
1982-03-01,IPB53122S,0.0512
1982-04-01,IPB53122S,0.0512
1982-05-01,IPB53122S,0.0519
1982-06-01,IPB53122S,0.0528
1982-07-01,IPB53122S,0.0535
1982-08-01,IPB53122S,0.0532
1982-09-01,IPB53122S,0.0529
1982-10-01,IPB53122S,0.0523
1982-11-01,IPB53122S,0.0528
1982-12-01,IPB53122S,0.0533
1983-01-01,IPB53122S,0.0537
1983-02-01,IPB53122S,0.0541
1983-03-01,IPB53122S,0.0556
1983-04-01,IPB53122S,0.0565
1983-05-01,IPB53122S,0.0579
1983-06-01,IPB53122S,0.0596
1983-07-01,IPB53122S,0.0614
1983-08-01,IPB53122S,0.0619
1983-09-01,IPB53122S,0.0641
1983-10-01,IPB53122S,0.0653
1983-11-01,IPB53122S,0.0669
1983-12-01,IPB53122S,0.0672
1984-01-01,IPB53122S,0.07
1984-02-01,IPB53122S,0.0724
1984-03-01,IPB53122S,0.0744
1984-04-01,IPB53122S,0.0763
1984-05-01,IPB53122S,0.0777
1984-06-01,IPB53122S,0.0799
1984-07-01,IPB53122S,0.0818
1984-08-01,IPB53122S,0.0835
1984-09-01,IPB53122S,0.084
1984-10-01,IPB53122S,0.0846
1984-11-01,IPB53122S,0.0851
1984-12-01,IPB53122S,0.0844
1985-01-01,IPB53122S,0.086
1985-02-01,IPB53122S,0.0834
1985-03-01,IPB53122S,0.0822
1985-04-01,IPB53122S,0.0788
1985-05-01,IPB53122S,0.0802
1985-06-01,IPB53122S,0.0802
1985-07-01,IPB53122S,0.0768
1985-08-01,IPB53122S,0.0768
1985-09-01,IPB53122S,0.0752
1985-10-01,IPB53122S,0.0752
1985-11-01,IPB53122S,0.0755
1985-12-01,IPB53122S,0.0766
1986-01-01,IPB53122S,0.0769
1986-02-01,IPB53122S,0.0776
1986-03-01,IPB53122S,0.0778
1986-04-01,IPB53122S,0.0795
1986-05-01,IPB53122S,0.0798
1986-06-01,IPB53122S,0.0805
1986-07-01,IPB53122S,0.0823
1986-08-01,IPB53122S,0.0841
1986-09-01,IPB53122S,0.0858
1986-10-01,IPB53122S,0.0863
1986-11-01,IPB53122S,0.088
1986-12-01,IPB53122S,0.091
1987-01-01,IPB53122S,0.0933
1987-02-01,IPB53122S,0.0949
1987-03-01,IPB53122S,0.0958
1987-04-01,IPB53122S,0.0973
1987-05-01,IPB53122S,0.0994
1987-06-01,IPB53122S,0.1013
1987-07-01,IPB53122S,0.1043
1987-08-01,IPB53122S,0.1052
1987-09-01,IPB53122S,0.1069
1987-10-01,IPB53122S,0.1098
1987-11-01,IPB53122S,0.1103
1987-12-01,IPB53122S,0.1121
1988-01-01,IPB53122S,0.113
1988-02-01,IPB53122S,0.1134
1988-03-01,IPB53122S,0.1136
1988-04-01,IPB53122S,0.1146
1988-05-01,IPB53122S,0.116
1988-06-01,IPB53122S,0.1178
1988-07-01,IPB53122S,0.1195
1988-08-01,IPB53122S,0.1209
1988-09-01,IPB53122S,0.1223
1988-10-01,IPB53122S,0.1236
1988-11-01,IPB53122S,0.126
1988-12-01,IPB53122S,0.1276
1989-01-01,IPB53122S,0.1267
1989-02-01,IPB53122S,0.1257
1989-03-01,IPB53122S,0.1242
1989-04-01,IPB53122S,0.1265
1989-05-01,IPB53122S,0.1271
1989-06-01,IPB53122S,0.1289
1989-07-01,IPB53122S,0.1295
1989-08-01,IPB53122S,0.1336
1989-09-01,IPB53122S,0.1364
1989-10-01,IPB53122S,0.1379
1989-11-01,IPB53122S,0.1393
1989-12-01,IPB53122S,0.1402
1990-01-01,IPB53122S,0.1409
1990-02-01,IPB53122S,0.1433
1990-03-01,IPB53122S,0.1459
1990-04-01,IPB53122S,0.1466
1990-05-01,IPB53122S,0.1474
1990-06-01,IPB53122S,0.1488
1990-07-01,IPB53122S,0.1486
1990-08-01,IPB53122S,0.1494
1990-09-01,IPB53122S,0.152
1990-10-01,IPB53122S,0.1533
1990-11-01,IPB53122S,0.1546
1990-12-01,IPB53122S,0.1553
1991-01-01,IPB53122S,0.1571
1991-02-01,IPB53122S,0.1606
1991-03-01,IPB53122S,0.1627
1991-04-01,IPB53122S,0.1633
1991-05-01,IPB53122S,0.1671
1991-06-01,IPB53122S,0.1659
1991-07-01,IPB53122S,0.1673
1991-08-01,IPB53122S,0.1694
1991-09-01,IPB53122S,0.1678
1991-10-01,IPB53122S,0.1701
1991-11-01,IPB53122S,0.1704
1991-12-01,IPB53122S,0.1728
1992-01-01,IPB53122S,0.1797
1992-02-01,IPB53122S,0.1824
1992-03-01,IPB53122S,0.1841
1992-04-01,IPB53122S,0.1864
1992-05-01,IPB53122S,0.1889
1992-06-01,IPB53122S,0.1936
1992-07-01,IPB53122S,0.1991
1992-08-01,IPB53122S,0.2012
1992-09-01,IPB53122S,0.2045
1992-10-01,IPB53122S,0.2113
1992-11-01,IPB53122S,0.2161
1992-12-01,IPB53122S,0.2162
1993-01-01,IPB53122S,0.2146
1993-02-01,IPB53122S,0.2165
1993-03-01,IPB53122S,0.219
1993-04-01,IPB53122S,0.2193
1993-05-01,IPB53122S,0.222
1993-06-01,IPB53122S,0.2266
1993-07-01,IPB53122S,0.2286
1993-08-01,IPB53122S,0.232
1993-09-01,IPB53122S,0.235
1993-10-01,IPB53122S,0.2378
1993-11-01,IPB53122S,0.2423
1993-12-01,IPB53122S,0.2502
1994-01-01,IPB53122S,0.2585
1994-02-01,IPB53122S,0.2628
1994-03-01,IPB53122S,0.2735
1994-04-01,IPB53122S,0.2891
1994-05-01,IPB53122S,0.2985
1994-06-01,IPB53122S,0.3039
1994-07-01,IPB53122S,0.3131
1994-08-01,IPB53122S,0.3228
1994-09-01,IPB53122S,0.3353
1994-10-01,IPB53122S,0.3477
1994-11-01,IPB53122S,0.3593
1994-12-01,IPB53122S,0.3738
1995-01-01,IPB53122S,0.386
1995-02-01,IPB53122S,0.3971
1995-03-01,IPB53122S,0.4155
1995-04-01,IPB53122S,0.4327
1995-05-01,IPB53122S,0.4487
1995-06-01,IPB53122S,0.4593
1995-07-01,IPB53122S,0.4668
1995-08-01,IPB53122S,0.4903
1995-09-01,IPB53122S,0.5167
1995-10-01,IPB53122S,0.5359
1995-11-01,IPB53122S,0.5516
1995-12-01,IPB53122S,0.5842
1996-01-01,IPB53122S,0.6164
1996-02-01,IPB53122S,0.6537
1996-03-01,IPB53122S,0.674
1996-04-01,IPB53122S,0.6906
1996-05-01,IPB53122S,0.7124
1996-06-01,IPB53122S,0.7343
1996-07-01,IPB53122S,0.763
1996-08-01,IPB53122S,0.7946
1996-09-01,IPB53122S,0.8326
1996-10-01,IPB53122S,0.8772
1996-11-01,IPB53122S,0.9023
1996-12-01,IPB53122S,0.9219
1997-01-01,IPB53122S,0.9508
1997-02-01,IPB53122S,1.0071
1997-03-01,IPB53122S,1.0524
1997-04-01,IPB53122S,1.0819
1997-05-01,IPB53122S,1.1279
1997-06-01,IPB53122S,1.1591
1997-07-01,IPB53122S,1.1836
1997-08-01,IPB53122S,1.2548
1997-09-01,IPB53122S,1.3253
1997-10-01,IPB53122S,1.3702
1997-11-01,IPB53122S,1.4171
1997-12-01,IPB53122S,1.4611
1998-01-01,IPB53122S,1.5
1998-02-01,IPB53122S,1.5165
1998-03-01,IPB53122S,1.5633
1998-04-01,IPB53122S,1.6325
1998-05-01,IPB53122S,1.6664
1998-06-01,IPB53122S,1.7457
1998-07-01,IPB53122S,1.8499
1998-08-01,IPB53122S,1.9577
1998-09-01,IPB53122S,2.0868
1998-10-01,IPB53122S,2.2131
1998-11-01,IPB53122S,2.3147
1998-12-01,IPB53122S,2.4188
1999-01-01,IPB53122S,2.5401
1999-02-01,IPB53122S,2.6825
1999-03-01,IPB53122S,2.7966
1999-04-01,IPB53122S,2.9268
1999-05-01,IPB53122S,3.0273
1999-06-01,IPB53122S,3.1683
1999-07-01,IPB53122S,3.3502
1999-08-01,IPB53122S,3.3543
1999-09-01,IPB53122S,3.3325
1999-10-01,IPB53122S,3.4601
1999-11-01,IPB53122S,3.6122
1999-12-01,IPB53122S,3.7321
2000-01-01,IPB53122S,3.8482
2000-02-01,IPB53122S,3.9764
2000-03-01,IPB53122S,4.1646
2000-04-01,IPB53122S,4.4231
2000-05-01,IPB53122S,4.6744
2000-06-01,IPB53122S,4.8544
2000-07-01,IPB53122S,5.0491
2000-08-01,IPB53122S,5.1689
2000-09-01,IPB53122S,5.2643
2000-10-01,IPB53122S,5.384
2000-11-01,IPB53122S,5.6712
2000-12-01,IPB53122S,5.8743
2001-01-01,IPB53122S,5.7741
2001-02-01,IPB53122S,5.7637
2001-03-01,IPB53122S,5.8565
2001-04-01,IPB53122S,5.7738
2001-05-01,IPB53122S,5.6983
2001-06-01,IPB53122S,5.6483
2001-07-01,IPB53122S,5.4948
2001-08-01,IPB53122S,5.5348
2001-09-01,IPB53122S,5.7492
2001-10-01,IPB53122S,5.8804
2001-11-01,IPB53122S,5.9223
2001-12-01,IPB53122S,6.1435
2002-01-01,IPB53122S,6.3669
2002-02-01,IPB53122S,6.5802
2002-03-01,IPB53122S,6.775
2002-04-01,IPB53122S,6.9896
2002-05-01,IPB53122S,7.1246
2002-06-01,IPB53122S,7.2734
2002-07-01,IPB53122S,7.4386
2002-08-01,IPB53122S,7.5551
2002-09-01,IPB53122S,7.6647
2002-10-01,IPB53122S,7.7936
2002-11-01,IPB53122S,7.9455
2002-12-01,IPB53122S,8.0497
2003-01-01,IPB53122S,8.2613
2003-02-01,IPB53122S,8.506
2003-03-01,IPB53122S,8.7237
2003-04-01,IPB53122S,8.973
2003-05-01,IPB53122S,9.3296
2003-06-01,IPB53122S,9.7407
2003-07-01,IPB53122S,10.2989
2003-08-01,IPB53122S,10.6883
2003-09-01,IPB53122S,11.1563
2003-10-01,IPB53122S,11.6505
2003-11-01,IPB53122S,11.9183
2003-12-01,IPB53122S,12.0753
2004-01-01,IPB53122S,12.2941
2004-02-01,IPB53122S,12.6469
2004-03-01,IPB53122S,12.981
2004-04-01,IPB53122S,13.2283
2004-05-01,IPB53122S,13.5375
2004-06-01,IPB53122S,13.7164
2004-07-01,IPB53122S,13.6642
2004-08-01,IPB53122S,13.7818
2004-09-01,IPB53122S,14.0539
2004-10-01,IPB53122S,14.202
2004-11-01,IPB53122S,14.2763
2004-12-01,IPB53122S,14.5802
2005-01-01,IPB53122S,15.1987
2005-02-01,IPB53122S,15.665
2005-03-01,IPB53122S,15.9507
2005-04-01,IPB53122S,16.3975
2005-05-01,IPB53122S,16.6437
2005-06-01,IPB53122S,16.7117
2005-07-01,IPB53122S,16.9482
2005-08-01,IPB53122S,17.3711
2005-09-01,IPB53122S,17.9767
2005-10-01,IPB53122S,18.3354
2005-11-01,IPB53122S,18.4147
2005-12-01,IPB53122S,18.5504
2006-01-01,IPB53122S,18.7823
2006-02-01,IPB53122S,18.9387
2006-03-01,IPB53122S,18.7981
2006-04-01,IPB53122S,18.6627
2006-05-01,IPB53122S,18.7742
2006-06-01,IPB53122S,18.916
2006-07-01,IPB53122S,18.9901
2006-08-01,IPB53122S,19.6167
2006-09-01,IPB53122S,20.1898
2006-10-01,IPB53122S,20.5117
2006-11-01,IPB53122S,20.76
2006-12-01,IPB53122S,21.0295
2007-01-01,IPB53122S,21.2066
2007-02-01,IPB53122S,21.6166
2007-03-01,IPB53122S,22.5338
2007-04-01,IPB53122S,23.5262
2007-05-01,IPB53122S,24.0037
2007-06-01,IPB53122S,24.7549
2007-07-01,IPB53122S,25.7296
2007-08-01,IPB53122S,26.1652
2007-09-01,IPB53122S,26.7464
2007-10-01,IPB53122S,27.9637
2007-11-01,IPB53122S,29.1535
2007-12-01,IPB53122S,29.5952
2008-01-01,IPB53122S,29.8194
2008-02-01,IPB53122S,30.6119
2008-03-01,IPB53122S,31.2764
2008-04-01,IPB53122S,31.4726
2008-05-01,IPB53122S,32.3384
2008-06-01,IPB53122S,32.9599
2008-07-01,IPB53122S,32.5299
2008-08-01,IPB53122S,32.4872
2008-09-01,IPB53122S,32.1101
2008-10-01,IPB53122S,29.8872
2008-11-01,IPB53122S,26.6507
2008-12-01,IPB53122S,23.431
2009-01-01,IPB53122S,22.6035
2009-02-01,IPB53122S,23.3962
2009-03-01,IPB53122S,24.3456
2009-04-01,IPB53122S,25.0466
2009-05-01,IPB53122S,25.7698
2009-06-01,IPB53122S,26.2902
2009-07-01,IPB53122S,27.4849
2009-08-01,IPB53122S,28.2623
2009-09-01,IPB53122S,29.4449
2009-10-01,IPB53122S,30.5065
2009-11-01,IPB53122S,31.6695
2009-12-01,IPB53122S,31.8746
2010-01-01,IPB53122S,33.5706
2010-02-01,IPB53122S,35.659
2010-03-01,IPB53122S,37.5419
2010-04-01,IPB53122S,39.0781
2010-05-01,IPB53122S,40.1744
2010-06-01,IPB53122S,40.5722
2010-07-01,IPB53122S,41.3951
2010-08-01,IPB53122S,42.3891
2010-09-01,IPB53122S,43.1398
2010-10-01,IPB53122S,44.1138
2010-11-01,IPB53122S,45.8507
2010-12-01,IPB53122S,48.0003
2011-01-01,IPB53122S,49.4049
2011-02-01,IPB53122S,49.4972
2011-03-01,IPB53122S,49.1095
2011-04-01,IPB53122S,48.8166
2011-05-01,IPB53122S,49.1227
2011-06-01,IPB53122S,49.3615
2011-07-01,IPB53122S,49.3927
2011-08-01,IPB53122S,50.593
2011-09-01,IPB53122S,50.8168
2011-10-01,IPB53122S,50.7001
2011-11-01,IPB53122S,51.1402
2011-12-01,IPB53122S,51.9894
2012-01-01,IPB53122S,52.4593
2012-02-01,IPB53122S,53.5806
2012-03-01,IPB53122S,54.5137
2012-04-01,IPB53122S,55.436
2012-05-01,IPB53122S,56.4141
2012-06-01,IPB53122S,57.4373
2012-07-01,IPB53122S,57.0347
2012-08-01,IPB53122S,56.1807
2012-09-01,IPB53122S,57.3631
2012-10-01,IPB53122S,58.7787
2012-11-01,IPB53122S,58.434
2012-12-01,IPB53122S,58.6566
2013-01-01,IPB53122S,58.458
2013-02-01,IPB53122S,58.4206
2013-03-01,IPB53122S,58.9202
2013-04-01,IPB53122S,60.2207
2013-05-01,IPB53122S,61.0029
2013-06-01,IPB53122S,61.8555
2013-07-01,IPB53122S,63.1133
2013-08-01,IPB53122S,64.3635
2013-09-01,IPB53122S,65.1421
2013-10-01,IPB53122S,66.9994
2013-11-01,IPB53122S,68.8008
2013-12-01,IPB53122S,70.1481
2014-01-01,IPB53122S,72.1314
2014-02-01,IPB53122S,74.5892
2014-03-01,IPB53122S,76.6344
2014-04-01,IPB53122S,78.5979
2014-05-01,IPB53122S,80.6639
2014-06-01,IPB53122S,81.4724
2014-07-01,IPB53122S,81.7463
2014-08-01,IPB53122S,81.5933
2014-09-01,IPB53122S,81.4781
2014-10-01,IPB53122S,81.0099
2014-11-01,IPB53122S,80.5442
2014-12-01,IPB53122S,80.4329
2015-01-01,IPB53122S,80.3051
2015-02-01,IPB53122S,79.904
2015-03-01,IPB53122S,78.9277
2015-04-01,IPB53122S,78.2862
2015-05-01,IPB53122S,77.75
2015-06-01,IPB53122S,77.9401
2015-07-01,IPB53122S,77.1886
2015-08-01,IPB53122S,77.5895
2015-09-01,IPB53122S,78.3598
2015-10-01,IPB53122S,78.7713
2015-11-01,IPB53122S,79.4047
2015-12-01,IPB53122S,80.9883
2016-01-01,IPB53122S,81.1523
2016-02-01,IPB53122S,81.9502
2016-03-01,IPB53122S,82.4474
2016-04-01,IPB53122S,83.41
2016-05-01,IPB53122S,84.7016
2016-06-01,IPB53122S,86.0896
2016-07-01,IPB53122S,88.3776
2016-08-01,IPB53122S,89.7223
2016-09-01,IPB53122S,91.3834
2016-10-01,IPB53122S,93.3771
2016-11-01,IPB53122S,94.0468
2016-12-01,IPB53122S,94.5576
2017-01-01,IPB53122S,95.2813
2017-02-01,IPB53122S,96.5602
2017-03-01,IPB53122S,97.7523
2017-04-01,IPB53122S,99.3822
2017-05-01,IPB53122S,100.0138
2017-06-01,IPB53122S,100.1763
2017-07-01,IPB53122S,100.2311
2017-08-01,IPB53122S,100.294
2017-09-01,IPB53122S,101.0406
2017-10-01,IPB53122S,102.0042
2017-11-01,IPB53122S,103.281
2017-12-01,IPB53122S,103.9829
2018-01-01,IPB53122S,103.9923
2018-02-01,IPB53122S,104.2251
2018-03-01,IPB53122S,105.0861
2018-04-01,IPB53122S,106.3036
2018-05-01,IPB53122S,106.2333
2018-06-01,IPB53122S,107.2896
2018-07-01,IPB53122S,107.7419
2018-08-01,IPB53122S,107.8946
2018-09-01,IPB53122S,107.0091
2018-10-01,IPB53122S,105.4909
2018-11-01,IPB53122S,103.8096
2018-12-01,IPB53122S,102.2589
2019-01-01,IPB53122S,101.8686
2019-02-01,IPB53122S,103.054
2019-03-01,IPB53122S,103.7288
2019-04-01,IPB53122S,104.6198
2019-05-01,IPB53122S,104.5921
2019-06-01,IPB53122S,105.0695
2019-07-01,IPB53122S,106.3932
2019-08-01,IPB53122S,107.731
2019-09-01,IPB53122S,107.5356
2019-10-01,IPB53122S,107.6643
2019-11-01,IPB53122S,109.9576
2019-12-01,IPB53122S,112.1627
2020-01-01,IPB53122S,110.3256
2020-02-01,IPB53122S,107.5743
2020-03-01,IPB53122S,107.6552
2020-04-01,IPB53122S,104.6307
2020-05-01,IPB53122S,103.7717
2020-06-01,IPB53122S,106.5371
2020-07-01,IPB53122S,109.39
2020-08-01,IPB53122S,109.9455
2020-09-01,IPB53122S,112.4365
2020-10-01,IPB53122S,115.6865
2020-11-01,IPB53122S,116.448
2020-12-01,IPB53122S,116.6417
2021-01-01,IPB53122S,118.6392
2021-02-01,IPB53122S,119.2305
2021-03-01,IPB53122S,121.4712
2021-04-01,IPB53122S,123.3313
2021-05-01,IPB53122S,125.2685
2021-06-01,IPB53122S,123.491
2021-07-01,IPB53122S,123.967
2021-08-01,IPB53122S,124.9256
2021-09-01,IPB53122S,125.9337
2021-10-01,IPB53122S,127.8107
2021-11-01,IPB53122S,129.3465
2021-12-01,IPB53122S,129.3763
2022-01-01,IPB53122S,128.3115
2022-02-01,IPB53122S,131.2896
2022-03-01,IPB53122S,131.3829
2022-04-01,IPB53122S,126.7942
2022-05-01,IPB53122S,125.0822
2022-06-01,IPB53122S,125.8719
2022-07-01,IPB53122S,126.0516
2022-08-01,IPB53122S,125.1868
2022-09-01,IPB53122S,126.1652
